site_no,state,name
01013500,ME,"Fish River near Fort Kent, Maine"
01022500,ME,"Narraguagus River at Cherryfield, Maine"
01030500,ME,"Mattawamkeag River near Mattawamkeag, Maine"
01031500,ME,"Piscataquis River near Dover-Foxcroft, Maine"
01047000,ME,"Carrabassett River near North Anson, Maine"
01052500,NH,"Diamond River near Wentworth Location, NH"
01054200,ME,"Wild River at Gilead, Maine"
01055000,ME,"Swift River near Roxbury, Maine"
01057000,ME,"Little Androscoggin River near South Paris, Maine"
01073000,NH,"OYSTER RIVER NEAR DURHAM, NH"
01078000,NH,"SMITH RIVER NEAR BRISTOL, NH"
01117468,RI,"BEAVER RIVER NEAR USQUEPAUG, RI"
01118300,CT,"PENDLETON HILL BROOK NEAR CLARKS FALLS, CT."
01121000,CT,"MOUNT HOPE RIVER NEAR WARRENVILLE, CT."
01123000,CT,"LITTLE RIVER NEAR HANOVER, CT."
01134500,VT,"MOOSE RIVER AT VICTORY, VT"
01137500,NH,"AMMONOOSUC RIVER AT BETHLEHEM JUNCTION, NH"
01139000,VT,"WELLS RIVER AT WELLS RIVER, VT"
01139800,VT,"EAST ORANGE BRANCH AT EAST ORANGE, VT"
01142500,VT,"AYERS BROOK AT RANDOLPH, VT"
01144000,VT,"WHITE RIVER AT WEST HARTFORD, VT"
01150900,VT,"OTTAUQUECHEE RIVER NEAR WEST BRIDGEWATER, VT"
01162500,MA,"PRIEST BROOK NEAR WINCHENDON, MA"
01169000,MA,"NORTH RIVER AT SHATTUCKVILLE, MA"
01170100,MA,"GREEN RIVER NEAR COLRAIN, MA"
01181000,MA,"WEST BRANCH WESTFIELD RIVER AT HUNTINGTON, MA"
01187300,MA,"HUBBARD RIVER NR. WEST HARTLAND, CT."
01195100,CT,"INDIAN RIVER NEAR CLINTON, CT."
01208990,CT,"SAUGATUCK RIVER NEAR REDDING, CT."
01333000,MA,"GREEN RIVER AT WILLIAMSTOWN, MA"
01350000,NY,SCHOHARIE CREEK AT PRATTSVILLE NY
01350080,NY,MANOR KILL AT WEST CONESVILLE NEAR GILBOA NY
01350140,NY,MINE KILL NEAR NORTH BLENHEIM NY
01362200,NY,ESOPUS CREEK AT ALLABEN NY
01365000,NY,RONDOUT CREEK NEAR LOWES CORNERS NY
01411300,NJ,TUCKAHOE RIVER AT HEAD OF RIVER NJ
01413500,NY,EAST BR DELAWARE R AT MARGARETVILLE NY
01414500,NY,MILL BROOK NEAR DUNRAVEN NY
01415000,NY,TREMPER KILL NEAR ANDES NY
01423000,NY,WEST BRANCH DELAWARE RIVER AT WALTON NY
01434025,NY,BISCUIT BK ABOVE PIGEON BK AT FROST VALLEY NY
01435000,NY,NEVERSINK RIVER NEAR CLARYVILLE NY
01439500,PA,"Bush Kill at Shoemakers, PA"
01440000,NJ,FLAT BROOK NEAR FLATBROOKVILLE NJ
01440400,PA,"Brodhead Creek near Analomink, PA"
01451800,PA,"Jordan Creek near Schnecksville, PA"
01466500,NJ,MCDONALDS BRANCH IN LEBANON STATE FOREST NJ
01484100,DE,"BEAVERDAM BRANCH AT HOUSTON, DE"
01485500,MD,"NASSAWANGO CREEK NEAR SNOW HILL, MD"
01486000,MD,"MANOKIN BRANCH NEAR PRINCESS ANNE, MD"
01487000,DE,"NANTICOKE RIVER NEAR BRIDGEVILLE, DE"
01491000,MD,"CHOPTANK RIVER NEAR GREENSBORO, MD"
01510000,NY,OTSELIC RIVER AT CINCINNATUS NY
01516500,PA,"Corey Creek near Mainesburg, PA"
01518862,PA,"Cowanesque River at Westfield, PA"
01532000,PA,"Towanda Creek near Monroeton, PA"
01539000,PA,"Fishing Creek near Bloomsburg, PA"
01542810,PA,"Waldy Run near Emporium, PA"
01543000,PA,"Driftwood Br Sinnemahoning Cr at Sterling Run, PA"
01543500,PA,"Sinnemahoning Creek at Sinnemahoning, PA"
01544500,PA,"Kettle Creek at Cross Fork, PA"
01545600,PA,"Young Womans Creek near Renovo, PA"
01547700,PA,"Marsh Creek at Blanchard, PA"
01548500,PA,"Pine Creek at Cedar Run, PA"
01549500,PA,"Blockhouse Creek near English Center, PA"
01550000,PA,"Lycoming Creek near Trout Run, PA"
01552000,PA,"Loyalsock Creek at Loyalsockville, PA"
01552500,PA,"Muncy Creek near Sonestown, PA"
01557500,PA,"Bald Eagle Creek at Tyrone, PA"
01564500,PA,"Aughwick Creek near Three Springs, PA"
01567500,PA,"Bixler Run near Loysville, PA"
01568000,PA,"Sherman Creek at Shermans Dale, PA"
01580000,MD,"DEER CREEK AT ROCKS, MD"
01583500,MD,"WESTERN RUN AT WESTERN RUN, MD"
01586610,MD,"MORGAN RUN NEAR LOUISVILLE, MD"
01591400,MD,"CATTAIL CREEK NEAR GLENWOOD, MD"
01594950,MD,"MCMILLAN F NEAR FORT PENDLETON, MD"
01596500,MD,"SAVAGE RIVER NEAR BARTON, MD"
01605500,WV,"SOUTH BRANCH POTOMAC RIVER AT FRANKLIN, WV"
01606500,WV,"SO. BRANCH POTOMAC RIVER NR PETERSBURG, WV"
01613050,PA,"Tonoloway Creek near Needmore, PA"
01620500,VA,"NORTH RIVER NEAR STOKESVILLE, VA"
01632000,VA,"N F SHENANDOAH RIVER AT COOTES STORE, VA"
01632900,VA,"SMITH CREEK NEAR NEW MARKET, VA"
01634500,VA,"CEDAR CREEK NEAR WINCHESTER, VA"
01638480,VA,"CATOCTIN CREEK AT TAYLORSTOWN, VA"
01639500,MD,"BIG PIPE CREEK AT BRUCEVILLE, MD"
01644000,VA,"GOOSE CREEK NEAR LEESBURG, VA"
01658500,VA,"S F QUANTICO CREEK NEAR INDEPENDENT HILL, VA"
01664000,VA,"RAPPAHANNOCK RIVER AT REMINGTON, VA"
01666500,VA,"ROBINSON RIVER NEAR LOCUST DALE, VA"
01667500,VA,"RAPIDAN RIVER NEAR CULPEPER, VA"
01669000,VA,"PISCATAWAY CREEK NEAR TAPPAHANNOCK, VA"
01669520,VA,"DRAGON SWAMP AT MASCOT, VA"
02011400,VA,"JACKSON RIVER NEAR BACOVA, VA"
02011460,VA,"BACK CREEK NEAR SUNRISE, VA"
02013000,VA,"DUNLAP CREEK NEAR COVINGTON, VA"
02014000,VA,"POTTS CREEK NEAR COVINGTON, VA"
02015700,VA,"BULLPASTURE RIVER AT WILLIAMSVILLE, VA"
02016000,VA,"COWPASTURE RIVER NEAR CLIFTON FORGE, VA"
02017500,VA,"JOHNS CREEK AT NEW CASTLE, VA"
02018000,VA,"CRAIG CREEK AT PARR, VA"
02027000,VA,"TYE RIVER NEAR LOVINGSTON, VA"
02027500,VA,"PINEY RIVER AT PINEY RIVER, VA"
02028500,VA,"ROCKFISH RIVER NEAR GREENFIELD, VA"
02038850,VA,"HOLIDAY CREEK NEAR ANDERSONVILLE, VA"
02046000,VA,"STONY CREEK NEAR DINWIDDIE, VA"
02051000,VA,"NORTH MEHERRIN RIVER NEAR LUNENBURG, VA"
02051500,VA,"MEHERRIN RIVER NEAR LAWRENCEVILLE, VA"
02053200,NC,"POTECASI CREEK NEAR UNION, NC"
02053800,VA,"S F ROANOKE RIVER NEAR SHAWSVILLE, VA"
02055100,VA,"TINKER CREEK NEAR DALEVILLE, VA"
02056900,VA,"BLACKWATER RIVER NEAR ROCKY MOUNT, VA"
02059500,VA,"GOOSE CREEK NEAR HUDDLESTON, VA"
02064000,VA,"FALLING RIVER NEAR NARUNA, VA"
02065500,VA,"CUB CREEK AT PHENIX, VA"
02069700,VA,"SOUTH MAYO RIVER NEAR NETTLERIDGE, VA"
02070000,VA,"NORTH MAYO RIVER NEAR SPENCER, VA"
02074500,VA,"SANDY RIVER NEAR DANVILLE, VA"
02077200,NC,"HYCO CREEK NEAR LEASBURG, NC"
02081500,NC,"TAR RIVER NEAR TAR RIVER, NC"
02082950,NC,"LITTLE FISHING CREEK NEAR WHITE OAK, NC"
02084557,NC,"VAN SWAMP NEAR HOKE, NC"
02092500,NC,"TRENT RIVER NEAR TRENTON, NC"
02102908,NC,"FLAT CREEK NEAR INVERNESS, NC"
02108000,NC,"NORTHEAST CAPE FEAR RIVER NEAR CHINQUAPIN, NC"
02110500,SC,"WACCAMAW RIVER NEAR LONGS, SC"
02111180,NC,"ELK CREEK AT ELKVILLE, NC"
02111500,NC,"REDDIES RIVER AT NORTH WILKESBORO, NC"
02112120,NC,"ROARING RIVER NEAR ROARING RIVER, NC"
02112360,NC,"MITCHELL RIVER NEAR STATE ROAD, NC"
02118500,NC,"HUNTING CREEK NEAR HARMONY, NC"
02125000,NC,"BIG BEAR CR NR RICHFIELD, NC"
02128000,NC,"LITTLE RIVER NEAR STAR, NC"
02137727,NC,"CATAWBA R NR PLEASANT GARDENS, NC"
02140991,NC,"JOHNS RIVER AT ARNEYS STORE, NC"
02143000,NC,"HENRY FORK NEAR HENRY RIVER, NC"
02143040,NC,"JACOB FORK AT RAMSEY, NC"
02149000,NC,"COVE CREEK NEAR LAKE LURE, NC"
02152100,NC,"FIRST BROAD RIVER NEAR CASAR, NC"
02177000,GA,"CHATTOOGA RIVER NEAR CLAYTON, GA"
02178400,GA,"TALLULAH RIVER NEAR CLAYTON, GA"
02193340,GA,"KETTLE CREEK NEAR WASHINGTON, GA"
02196000,SC,"STEVENS CREEK NEAR MODOC, SC"
02198100,GA,"BEAVERDAM CREEK NEAR SARDIS, GA"
02202600,GA,"BLACK CREEK NEAR BLITCHTON, GA"
02212600,GA,"FALLING CREEK NEAR JULIETTE, GA"
02215100,GA,"TUCSAWHATCHEE CREEK NEAR HAWKINSVILLE, GA"
02216180,GA,"TURNPIKE CREEK NEAR MCRAE, GA"
02221525,GA,"MURDER CREEK BELOW EATONTON, GA"
02231000,FL,"ST. MARYS RIVER NR MACCLENNY, FLA."
02231342,FL,"FT DRUM CREEK AT SUNSHINE ST PKY NEAR FT DRUM, FL"
02235200,FL,"BLACKWATER CREEK NEAR CASSIA, FL"
02236500,FL,"BIG CREEK NEAR CLERMONT, FL"
02245500,FL,"SOUTH FORK BLACK CREEK NR PENNEY FARMS, FLA."
02246000,FL,"NORTH FORK BLACK CREEK NR MIDDLEBURG, FLA."
02296500,FL,CHARLIE CREEK NEAR GARDNER FL
02297155,FL,HORSE CREEK NEAR MYAKKA HEAD FL
02297310,FL,HORSE CREEK NEAR ARCADIA FL
02298123,FL,PRAIRIE CREEK NEAR FORT OGDEN FL
02298608,FL,MYAKKA RIVER AT MYAKKA CITY FL
02299950,FL,MANATEE RIVER NEAR MYAKKA HEAD FL
02300700,FL,BULLFROG CREEK NEAR WIMAUMA FL
02310947,FL,"WITHLACOOCHEE RIVER NEAR CUMPRESSCO, FLA."
02312200,FL,"LITTLE WITHLACOOCHEE RIVER AT RERDELL, FLA."
02314500,GA,"SUWANNEE RIVER AT US 441, AT FARGO, GA"
02315500,FL,"SUWANNEE RIVER AT WHITE SPRINGS, FLA."
02324000,FL,"STEINHATCHEE RIVER NEAR CROSS CITY, FLA."
02324400,FL,"FENHOLLOWAY RIVER NEAR FOLEY, FLA."
02327100,FL,"SOPCHOPPY RIVER NR SOPCHOPPY, FLA."
02342933,AL,SOUTH FORK COWIKEE CREEK NEAR BATESVILLE AL
02349900,GA,"TURKEY CREEK AT BYROMVILLE, GA"
02350900,GA,"KINCHAFOONEE CREEK NEAR DAWSON, GA"
02361000,AL,"CHOCTAWHATCHEE RIVER NEAR NEWTON, AL."
02363000,AL,PEA RIVER NEAR ARITON AL
02369800,AL,BLACKWATER RIVER NEAR BRADLEY AL
02371500,AL,CONECUH RIVER AT BRANTLEY AL
02372250,AL,PATSALIGA CREEK NEAR BRANTLEY AL
02374500,AL,MURDER CREEK NEAR EVERGREEN AL
02381600,GA,"FAUSETT CREEK NEAR TALKING ROCK, GA"
02384540,GA,"MILL CREEK NEAR CRANDALL, GA"
02395120,GA,"TWO RUN CREEK NEAR KINGSTON, GA"
02408540,AL,HATCHET CREEK BELOW ROCKFORD AL
02415000,AL,HILLABEE CREEK NEAR HACKNEYVILLE AL
02422500,AL,MULBERRY CREEK AT JONES AL
02430085,MS,"RED BUD CREEK NR MOORES MILL, MS"
02430615,MS,"MUD CREEK NR FAIRVIEW, MS"
02450250,AL,SIPSEY FORK NEAR GRAYSON AL
02464000,AL,NORTH RIVER NEAR SAMANTHA AL
02464146,AL,TURKEY CREEK NEAR TUSCALOOSA
02464360,AL,BINION CREEK BELOW GIN CREEK NEAR SAMANTHA AL
02465493,AL,ELLIOTTS CREEK AT MOUNDVILLE AL
02469800,AL,SATILPA CREEK NEAR COFFEEVILLE AL
02472000,MS,"LEAF RIVER NR COLLINS, MS"
02472500,MS,"BOUIE CREEK NR HATTIESBURG, MS"
02479155,MS,"CYPRESS CREEK NR JANICE, MS"
02479300,MS,"RED CREEK AT VESTRY, MS"
02479560,MS,ESCATAWPA RIVER NEAR AGRICOLA MS
02481000,MS,"BILOXI RIVER AT WORTHAM, MS"
02481510,MS,"WOLF RIVER NR LANDON, MS"
03010655,PA,"Oswayo Creek at Shinglehouse, PA"
03011800,PA,"Kinzua Creek near Guffey, PA"
03015500,PA,"Brokenstraw Creek at Youngsville, PA"
03021350,PA,"French Creek near Wattsburg, PA"
03026500,PA,"Sevenmile Run near Rasselas, PA"
03028000,PA,"West Branch Clarion River at Wilcox, PA"
03049000,PA,"Buffalo Creek near Freeport, PA"
03049800,PA,"Little Pine Creek near Etna, PA"
03050000,WV,"TYGART VALLEY RIVER NEAR DAILEY, WV"
03066000,WV,"BLACKWATER R AT DAVIS, WV"
03069500,WV,"CHEAT RIVER NEAR PARSONS, WV"
03070500,WV,"BIG SANDY CREEK AT ROCKVILLE, WV"
03076600,MD,"BEAR CREEK AT FRIENDSVILLE, MD"
03078000,MD,"CASSELMAN RIVER AT GRANTSVILLE, MD"
03140000,OH,Mill Creek near Coshocton OH
03144000,OH,Wakatomika Creek near Frazeysburg OH
03159540,OH,Shade River near Chester OH
03161000,NC,"SOUTH FORK NEW RIVER NEAR JEFFERSON, NC"
03164000,VA,"NEW RIVER NEAR GALAX, VA"
03165000,VA,"CHESTNUT CREEK AT GALAX, VA"
03170000,VA,"LITTLE RIVER AT GRAYSONTOWN, VA"
03173000,VA,"WALKER CREEK AT BANE, VA"
03180500,WV,"GREENBRIER RIVER AT DURBIN, WV"
03182500,WV,"GREENBRIER RIVER AT BUCKEYE, WV"
03186500,WV,"WILLIAMS RIVER AT DYER, WV"
03187500,WV,"CRANBERRY RIVER NEAR RICHWOOD, WV"
03213700,KY,"TUG FORK AT WILLIAMSON, WV"
03237280,OH,Upper Twin Creek at McGaw OH
03237500,OH,Ohio Brush Creek near West Union OH
03238500,OH,White Oak Creek near Georgetown OH
03241500,OH,Massies Creek at Wilberforce OH
03280700,KY,"CUTSHIN CREEK AT WOOTON, KY"
03281100,KY,"GOOSE CREEK AT MANCHESTER, KY"
03281500,KY,"SOUTH FORK KENTUCKY RIVER AT BOONEVILLE, KY"
03285000,KY,"DIX RIVER NEAR DANVILLE, KY"
03291780,IN,"INDIAN-KENTUCK CREEK NR CANAAN, IND."
03300400,KY,"BEECH FORK AT MAUD, KY"
03340800,IN,BIG RACCOON CREEK NEAR FINCASTLE IND
03346000,IL,"NORTH FORK EMBARRAS RIVER NEAR OBLONG, IL"
03357350,IN,"PLUM CREEK NEAR BAINBRIDGE, IND."
03364500,IN,"CLIFTY CREEK AT HARTSVILLE, IN"
03366500,IN,"MUSCATATUCK RIVER NEAR DEPUTY, IN"
03368000,IN,"BRUSH CREEK NEAR NEBRASKA, IN"
03384450,IL,"LUSK CREEK NEAR EDDYVILLE, IL"
03439000,NC,"FRENCH BROAD RIVER AT ROSMAN, NC"
03450000,NC,"BEETREE CREEK NEAR SWANNANOA, NC"
03455500,NC,"W F PIGEON R ABOVE LAKE LOGAN NR HAZELWOOD, NC"
03456500,NC,"EAST FORK PIGEON RIVER NEAR CANTON, NC"
03460000,NC,"CATALOOCHEE CREEK NEAR CATALOOCHEE, NC"
03463300,NC,"SOUTH TOE RIVER NEAR CELO, NC"
03471500,VA,"S F HOLSTON RIVER AT RIVERSIDE NR CHILHOWIE, VA"
03473000,VA,"S F HOLSTON RIVER NEAR DAMASCUS, VA"
03479000,NC,"WATAUGA RIVER NEAR SUGAR GROVE, NC"
03488000,VA,"N F HOLSTON RIVER NEAR SALTVILLE, VA"
03498500,TN,"LITTLE RIVER NEAR MARYVILLE, TN"
03500000,NC,"LITTLE TENNESSEE RIVER NEAR PRENTISS, NC"
03500240,NC,"CARTOOGECHAYE CREEK NEAR FRANKLIN, NC"
03504000,NC,"NANTAHALA RIVER NEAR RAINBOW SPRINGS, NC"
03574500,AL,PAINT ROCK RIVER NEAR WOODVILLE AL
03592718,MS,"LITTLE YELLOW CREEK EAST NR BURNSVILLE, MS"
03604000,TN,"BUFFALO RIVER NEAR FLAT WOODS, TN"
04015330,MN,"KNIFE RIVER NEAR TWO HARBORS, MN"
04024430,WI,"NEMADJI RIVER NEAR SOUTH SUPERIOR, WI"
04027000,WI,"BAD RIVER NEAR ODANAH, WI"
04040500,MI,"STURGEON RIVER NEAR SIDNAW, MI"
04043050,MI,"TRAP ROCK RIVER NEAR LAKE LINDEN, MI"
04045500,MI,"TAHQUAMENON RIVER NEAR PARADISE, MI"
04056500,MI,"MANISTIQUE RIVER NEAR MANISTIQUE, MI"
04057510,MI,"STURGEON RIVER NEAR NAHMA JUNCTION, MI"
04057800,MI,"MIDDLE BRANCH ESCANABA RIVER AT HUMBOLDT, MI"
04059500,MI,"FORD RIVER NEAR HYDE, MI"
04063700,WI,"POPPLE RIVER NEAR FENCE, WI"
04074950,WI,"WOLF RIVER AT LANGLADE, WI"
04105700,MI,"AUGUSTA CREEK NEAR AUGUSTA, MI"
04115265,MI,"FISH CREEK NEAR CRYSTAL, MI"
04122200,MI,"WHITE RIVER NEAR WHITEHALL, MI"
04122500,MI,"PERE MARQUETTE RIVER AT SCOTTVILLE, MI"
04124000,MI,"MANISTEE RIVER NEAR SHERMAN, MI"
04127918,MI,"PINE RIVER NEAR RUDYARD, MI"
04127997,MI,"STURGEON RIVER AT WOLVERINE, MI"
04161580,MI,"STONY CREEK NEAR ROMEO, MI"
04185000,OH,Tiffin River at Stryker OH
04196800,OH,Tymochtee Creek at Crawford OH
04197100,OH,Honey Creek at Melmore OH
04197170,OH,Rock Creek at Tiffin OH
04213000,OH,Conneaut Creek at Conneaut OH
04213075,PA,"Brandy Run near Girard, PA"
04216418,NY,TONAWANDA CREEK AT ATTICA NY
04221000,NY,GENESEE RIVER AT WELLSVILLE NY
04224775,NY,CANASERAGA CREEK ABOVE DANSVILLE NY
04233000,NY,CAYUGA INLET NEAR ITHACA NY
04256000,NY,INDEPENDENCE RIVER AT DONNATTSBURG NY
04296000,VT,"BLACK RIVER AT COVENTRY, VT"
05056000,ND,"SHEYENNE RIVER NR WARWICK, ND"
05057000,ND,"SHEYENNE RIVER NR COOPERSTOWN, ND"
05057200,ND,"BALDHILL CREEK NR DAZEY, ND"
05062500,MN,"WILD RICE RIVER AT TWIN VALLEY, MN"
05087500,MN,"MIDDLE RIVER AT ARGYLE, MN"
05120500,ND,"WINTERING RIVER NR KARLSRUHE, ND"
05123400,ND,"WILLOW CREEK NR WILLOW CITY, ND"
05129115,MN,"VERMILION RIVER NR CRANE LAKE, MN"
05131500,MN,"LITTLE FORK RIVER AT LITTLEFORK, MN"
05291000,SD,"WHETSTONE RIVER NEAR BIG STONE CITY, SD"
05362000,WI,"JUMP RIVER AT SHELDON, WI"
05393500,WI,"SPIRIT RIVER AT SPIRIT FALLS, WI"
05399500,WI,"BIG EAU PLEINE RIVER AT STRATFORD, WI"
05408000,WI,"KICKAPOO RIVER AT LA FARGE, WI"
05412500,IA,"Turkey River at Garber, IA"
05413500,WI,"GRANT RIVER AT BURTON, WI"
05414000,WI,"PLATTE RIVER NEAR ROCKVILLE, WI"
05444000,IL,"ELKHORN CREEK NEAR PENROSE, IL"
05454000,IA,"Rapid Creek near Iowa City, IA"
05458000,IA,"Little Cedar River near Ionia, IA"
05466500,IL,"EDWARDS RIVER NEAR NEW BOSTON, IL"
05487980,IA,"White Breast Creek near Dallas, IA"
05488200,IA,"English Creek near Knoxville, IA"
05489000,IA,"Cedar Creek near Bussey, IA"
05495000,MO,"Fox River at Wayland, MO"
05495500,IL,"BEAR CREEK NEAR MARCELLINE, IL"
05501000,MO,"North River at Palmyra, MO"
05503800,MO,"Crooked Creek near Paris, MO"
05507600,MO,"Lick Creek at Perry, MO"
05508805,MO,"Spencer Cr. bl Plum Cr. nr Frankford, MO"
05514500,MO,"CUIVRE RIVER NEAR TROY, MO"
05525500,IL,"SUGAR CREEK AT MILFORD, IL"
05556500,IL,"BIG BUREAU CREEK AT PRINCETON, IL"
05584500,IL,"LA MOINE RIVER AT COLMAR, IL"
05585000,IL,"LA MOINE RIVER AT RIPLEY, IL"
05591550,IL,"WHITLEY CREEK NEAR ALLENVILLE, IL"
05592050,IL,"ROBINSON CREEK NEAR SHELBYVILLE, IL"
05593575,IL,"LITTLE CROOKED CREEK NEAR NEW MINDEN, IL"
05593900,IL,"EAST FORK SHOAL CREEK NEAR COFFEEN, IL"
05595730,IL,"RAYSE CREEK NEAR WALTONVILLE, IL"
06037500,MT,Madison River near West Yellowstone MT
06043500,MT,Gallatin River near Gallatin Gateway MT
06154410,MT,Little Peoples Creek near Hays MT
06188000,WY,"LAMAR RIVER NR TOWER FALLS RANGER STATION, YNP"
06191000,MT,Gardner River near Mammoth YNP
06191500,MT,Yellowstone River at Corwin Springs MT
06221400,WY,"DINWOODY CREEK ABOVE LAKES, NEAR BURRIS, WYO."
06224000,WY,"BULL LAKE CREEK ABOVE BULL LAKE, WY"
06278300,WY,"SHELL CREEK ABOVE SHELL CREEK RESERVOIR, WY"
06280300,WY,"SOUTH FORK SHOSHONE RIVER NEAR VALLEY, WY"
06289000,MT,Little Bighorn River at State Line nr Wyola MT
06291500,MT,Lodge Grass Cr ab Willow C Div nr Wyola MT
06309200,WY,"MIDDLE FORK POWDER RIVER NEAR BARNUM, WY"
06311000,WY,"NORTH FORK POWDER RIVER NEAR HAZELTON, WY"
06332515,ND,"BEAR DEN CREEK NR MANDAREE, ND"
06339100,ND,"KNIFE RIVER AT MANNING, ND"
06339500,ND,"KNIFE RIVER NR GOLDEN VALLEY, ND"
06344600,ND,"GREEN RIVER NR NEW HRADEC, ND"
06350000,ND,"CANNONBALL RIVER AT REGENT, ND"
06352000,ND,"CEDAR CREEK NR HAYNES, ND"
06353000,ND,"CEDAR CREEK NR RALEIGH, ND"
06354000,ND,"CANNONBALL RIVER AT BREIEN, ND"
06360500,SD,MOREAU R NEAR WHITEHORSE SD
06404000,SD,BATTLE CR NEAR KEYSTONE SD
06406000,SD,BATTLE CR AT HERMOSA SD
06408700,SD,RHOADS FORK NEAR ROCHFORD SD
06409000,SD,CASTLE CR ABOVE DEERFIELD RES NEAR HILL CITY SD
06422500,SD,BOXELDER CR NEAR NEMO SD
06431500,SD,SPEARFISH CR AT SPEARFISH SD
06441500,SD,BAD R NEAR FORT PIERRE SD
06447000,SD,WHITE R NEAR KADOKA SD
06447500,SD,LITTLE WHITE R NEAR MARTIN SD
06450500,SD,LITTLE WHITE R BELOW WHITE RIVER SD
06452000,SD,WHITE R NEAR OACOMA SD
06453600,NE,"PONCA CREEK AT VERDEL, NEBR."
06464500,SD,KEYA PAHA R AT WEWELA SD
06468170,ND,"JAMES RIVER NR GRACE CITY, ND"
06468250,ND,"JAMES RIVER ABOVE ARROWWOOD LAKE NR KENSAL, ND"
06470800,ND,"BEAR CREEK NR OAKES, ND"
06477500,SD,FIRESTEEL CR NEAR MOUNT VERNON SD
06479215,SD,BIG SIOUX RIVER NR FLORENCE SD
06479438,SD,BIG SIOUX R NEAR WATERTOWN SD
06601000,NE,"OMAHA CR AT HOMER, NEBR"
06614800,CO,"MICHIGAN RIVER NEAR CAMERON PASS, CO."
06622700,WY,"NORTH BRUSH CREEK NEAR SARATOGA, WY"
06632400,WY,"ROCK CREEK AB KING CANYON CANAL, NR ARLINGTON, WY"
06746095,CO,"JOE WRIGHT CREEK ABOVE JOE WRIGHT RESERVOIR, CO."
06775500,NE,"MIDDLE LOUP RIVER AT DUNNING, NEBR."
06784000,NE,"SOUTH LOUP R AT ST. MICHAEL, NEBR."
06803510,NE,"LITTLE SALT CREEK NEAR LINCOLN, NEBR."
06803530,NE,"ROCK CREEK NEAR CERESCO, NEBR."
06814000,KS,"TURKEY C NR SENECA, KS"
06846500,KS,"BEAVER C AT CEDAR BLUFFS, KS"
06847900,KS,"PRAIRIE DOG C AB KEITH SEBELIUS LAKE, KS"
06853800,KS,"WHITE ROCK C NR BURR OAK, KS"
06876700,KS,"SALT C NR ADA, KS"
06878000,KS,"CHAPMAN C NR CHAPMAN, KS"
06879650,KS,"KINGS C NR MANHATTAN, KS"
06885500,KS,"BLACK VERMILLION R NR FRANKFORT, KS"
06888500,KS,"MILL C NR PAXICO, KS"
06889200,KS,"SOLDIER C NR DELIA, KS"
06889500,KS,"SOLDIER C NR TOPEKA, KS"
06892000,KS,"STRANGER C NR TONGANOXIE, KS"
06903400,IA,"Chariton River near Chariton, IA"
06906800,MO,"Lamine River near Otterville, MO"
06910800,KS,"MARAIS DES CYGNES R NR READING, KS"
06911900,KS,"DRAGOON C NR BURLINGAME, KS"
06917000,KS,"L OSAGE R AT FULTON, KS"
06918460,MO,"Turnback Creek above Greenfield, MO"
06919500,MO,"Cedar Creek near Pleasant View, MO"
06921070,MO,"Pomme de Terre River near Polk, MO"
06921200,MO,"Lindley Creek near Polk, MO"
06934000,MO,"Gasconade River near Rich Fountain, MO"
07014500,MO,"Meramec River near Sullivan, MO"
07056000,AR,"Buffalo River near St. Joe, AR"
07057500,MO,"North Fork River near Tecumseh, MO"
07060710,AR,"North Sylamore Creek near Fifty Six, AR"
07066000,MO,"Jacks Fork at Eminence, MO"
07067000,MO,"Current River at Van Buren, MO"
07068000,MO,"Current River at Doniphan, MO"
07071500,MO,"Eleven Point River near Bardley, MO"
07083000,CO,"HALFMOON CREEK NEAR MALTA, CO."
07105945,CO,"ROCK CREEK ABOVE FORT CARSON RESERVATION, CO."
07142300,KS,"RATTLESNAKE C NR MACKSVILLE, KS"
07144780,KS,"NF NINNESCAH R AB CHENEY RE, KS"
07145700,KS,"SLATE C AT WELLINGTON, KS"
07148400,OK,"Salt Fork Arkansas River nr Alva, OK"
07149000,KS,"MEDICINE LODGE R NR KIOWA, KS"
07151500,KS,"CHIKASKIA R NR CORBIN, KS"
07167500,KS,"OTTER C AT CLIMAX, KS"
07180500,KS,"CEDAR C NR CEDAR POINT, KS"
07184000,KS,"LIGHTNING C NR MCCUNE, KS"
07195800,AR,"Flint Creek at Springtown, AR"
07196900,AR,"Baron Fork at Dutch Mills, AR"
07197000,OK,"Baron Fork at Eldon, OK"
07208500,NM,"RAYADO CREEK NEAR CIMARRON, NM"
07226500,NM,"UTE CREEK NEAR LOGAN, NM"
07261000,AR,"Cadron Creek near Guy, AR"
07290650,MS,"BAYOU PIERRE NR WILLOWS, MS"
07291000,MS,"HOMOCHITTO RIVER AT EDDICETON, MS"
07292500,MS,"HOMOCHITTO RIVER AT ROSETTA, MS"
07295000,MS,"BUFFALO RIVER NR WOODVILLE, MS"
07299670,TX,"Groesbeck Ck at SH 6 nr Quanah, TX"
07301410,TX,"Sweetwater Ck nr Kelton, TX"
07301500,OK,"North Fork Red River near Carter, OK"
07315200,TX,"E Fk Little Wichita Rv nr Henrietta, TX"
07315700,OK,"Mud Creek near Courtney, OK"
07335700,OK,"Kiamichi River near Big Cedar, OK"
07340300,AR,"Cossatot River near Vandervoort, AR"
07346045,TX,"Black Cypress Bayou at Jefferson, TX"
07359610,AR,"Caddo River near Caddo Gap, AR"
07362100,AR,"SMACKOVER CREEK NEAR SMACKOVER, ARK."
07373000,LA,"Big Creek at Pollock, LA"
07375000,LA,"Tchefuncta River near Folsom, LA"
07376000,LA,"Tickfaw River at Holden, LA"
07377000,LA,"Amite River near Darlington, LA"
08013000,LA,"CALCASIEU RIVER NR GLENMORA, LA"
08014500,LA,"Whiskey Chitto Creek Near Oberlin, LA"
08023080,LA,"Bayou Grand Cane near Stanley, LA"
08025500,LA,"Bayou Toro near Toro, LA"
08029500,TX,"Big Cow Ck nr Newton, TX"
08050800,TX,"Timber Ck nr Collinsville, TX"
08066200,TX,"Long King Ck at Livingston, TX"
08066300,TX,"Menard Ck nr Rye, TX"
08070000,TX,"E Fk San Jacinto Rv nr Cleveland, TX"
08070200,TX,"E Fk San Jacinto Rv nr New Caney, TX"
08079600,TX,"DMF Brazos Rv at Justiceburg, TX"
08082700,TX,"Millers Ck nr Munday, TX"
08086212,TX,"Hubbard Ck bl Albany, TX"
08086290,TX,"Big Sandy Ck abv Breckenridge, TX"
08101000,TX,"Cowhouse Ck at Pidcoke, TX"
08103900,TX,"S Fk Rocky Ck nr Briggs, TX"
08104900,TX,"S Fk San Gabriel Rv at Georgetown, TX"
08109700,TX,"Middle Yegua Ck nr Dime Box, TX"
08150800,TX,"Beaver Ck nr Mason, TX"
08155200,TX,"Barton Ck at SH 71 nr Oak Hill, TX"
08158700,TX,"Onion Ck nr Driftwood, TX"
08158810,TX,"Bear Ck bl FM 1826 nr Driftwood, TX"
08164000,TX,"Lavaca Rv nr Edna, TX"
08164300,TX,"Navidad Rv nr Hallettsville, TX"
08164600,TX,"Garcitas Ck nr Inez, TX"
08165300,TX,"N Fk Guadalupe Rv nr Hunt, TX"
08171300,TX,"Blanco Rv nr Kyle, TX"
08175000,TX,"Sandies Ck nr Westhoff, TX"
08176900,TX,"Coleto Ck at Arnold Rd nr Schroeder, TX"
08178880,TX,"Medina Rv at Bandera, TX"
08189500,TX,"Mission Rv at Refugio, TX"
08190000,TX,"Nueces Rv at Laguna, TX"
08190500,TX,"W Nueces Rv nr Brackettville, TX"
08194200,TX,"San Casimiro Ck nr Freer, TX"
08195000,TX,"Frio Rv at Concan, TX"
08196000,TX,"Dry Frio Rv nr Reagan Wells, TX"
08198500,TX,"Sabinal Rv at Sabinal, TX"
08200000,TX,"Hondo Ck nr Tarpley, TX"
08202700,TX,"Seco Ck at Rowe Ranch nr D'Hanis, TX"
08267500,NM,"RIO HONDO NEAR VALDEZ, NM"
08269000,NM,"RIO PUEBLO DE TAOS NEAR TAOS, NM"
08271000,NM,"RIO LUCERO NEAR ARROYO SECO, NM"
08324000,NM,"JEMEZ RIVER NEAR JEMEZ, NM"
08377900,NM,"RIO MORA NEAR TERRERO, NM"
08378500,NM,"PECOS RIVER NEAR PECOS, NM"
08380500,NM,"GALLINAS CREEK NEAR MONTEZUMA, NM"
09034900,CO,"BOBTAIL CREEK NEAR JONES PASS, CO."
09035800,CO,"DARLING CREEK NEAR LEAL, CO."
09035900,CO,"SOUTH FORK OF WILLIAMS FORK NEAR LEAL, CO."
09047700,CO,"KEYSTONE GULCH NEAR DILLON, CO."
09065500,CO,"GORE CREEK AT UPPER STATION, NEAR MINTURN, CO."
09066000,CO,"BLACK GORE CREEK NEAR MINTURN, CO."
09066200,CO,"BOOTH CREEK NEAR MINTURN, CO."
09066300,CO,"MIDDLE CREEK NEAR MINTURN, CO."
09081600,CO,"CRYSTAL RIVER AB AVALANCHE C, NEAR REDSTONE, CO."
09107000,CO,"TAYLOR RIVER AT TAYLOR PARK, CO."
09183500,UT,"MILL CREEK AT SHELEY TUNNEL, NEAR MOAB, UT."
09210500,WY,"FONTENELLE C NR HERSCHLER RANCH, NR FONTENELLE, WY"
09223000,WY,"HAMS FORK BELOW POLE CREEK, NEAR FRONTIER, WY"
09306242,CO,"CORRAL GULCH NEAR RANGELY, CO."
09312600,UT,"WHITE RIVER BL TABBYUNE C NEAR SOLDIER SUMMIT, UT"
09352900,CO,"VALLECITO CREEK NEAR BAYFIELD, CO."
09378170,UT,"SOUTH CREEK ABOVE RESERVOIR NEAR MONTICELLO, UT"
09378630,UT,"RECAPTURE CREEK NEAR BLANDING, UT"
09386900,NM,"RIO NUTRIA NEAR RAMAH, NM"
09404450,UT,"EAST FORK VIRGIN RIVER NEAR GLENDALE, UT"
09430500,NM,"GILA RIVER NEAR GILA, NM"
09430600,NM,"MOGOLLON CREEK NEAR CLIFF, NM"
09447800,AZ,"BONITA CREEK NEAR MORENCI, AZ."
09480000,AZ,"SANTA CRUZ RIVER NEAR LOCHIEL, AZ."
09484000,AZ,"SABINO CREEK NEAR TUCSON, AZ."
09484600,AZ,"PANTANO WASH NEAR VAIL, AZ."
09492400,AZ,"EAST FORK WHITE RIVER NEAR FORT APACHE, AZ."
09494000,AZ,"WHITE RIVER NEAR FORT APACHE, AZ."
09497800,AZ,"CIBECUE CREEK NEAR CHYSOTILE, AZ."
09497980,AZ,"CHERRY CREEK NEAR GLOBE, AZ."
09505200,AZ,"WET BEAVER CREEK NEAR RIMROCK, AZ."
09505350,AZ,"DRY BEAVER CREEK NEAR RIMROCK, AZ."
09505800,AZ,"WEST CLEAR CREEK NEAR CAMP VERDE, AZ."
09508300,AZ,"WET BOTTOM CREEK NEAR CHILDS, AZ."
09510200,AZ,"SYCAMORE CREEK NEAR FORT MCDOWELL, AZ."
09512280,AZ,"CAVE CREEK BLW COTTONWOOD CR NEAR CAVE CREEK, AZ."
09513780,AZ,"NEW RIVER NEAR ROCK SPRINGS, AZ."
09535100,AZ,"SAN SIMON WASH NEAR PISINIMO, AZ."
10023000,UT,"BIG CREEK NEAR RANDOLPH, UT"
10109001,UT,COM F LOGAN R AB ST D AND LO HP AND SM C N LO UT
10166430,UT,"WEST CANYON CREEK NEAR CEDAR FORT, UT"
10172200,UT,"RED BUTTE CREEK AT FORT DOUGLAS, NEAR SLC, UT"
10172700,UT,"VERNON CREEK NEAR VERNON, UT"
10172800,UT,"SOUTH WILLOW CREEK NEAR GRANTSVILLE, UT"
10173450,UT,"MAMMOTH CREEK ABV WEST HATCH DITCH, NEAR HATCH, UT"
10234500,UT,"BEAVER RIVER NEAR BEAVER, UT"
10242000,UT,"COAL CREEK NEAR CEDAR CITY, UT"
10244950,NV,"STEPTOE C NR ELY, NV"
10249300,NV,"S TWIN R NR ROUND MOUNTAIN, NV"
10258000,CA,TAHQUITZ C NR PALM SPRINGS CA
10258500,CA,PALM CYN C NR PALM SPRINGS CA
10259000,CA,ANDREAS C NR PALM SPRINGS CA
10259200,CA,DEEP C NR PALM DESERT CA
10263500,CA,BIG ROCK C NR VALYERMO CA
10308200,CA,E F CARSON R BL MARKLEEVILLE C NR MARKLEEVILLECA
10310500,NV,"CLEAR CREEK NEAR CARSON CITY, NV"
10316500,NV,"LAMOILLE C NR LAMOILLE, NV"
10329500,NV,"MARTIN C NR PARADISE VALLEY, NV"
10336645,CA,GENERAL C NR MEEKS BAY CA
10336660,CA,BLACKWOOD C NR TAHOE CITY CA
10336676,CA,WARD C AT HWY 89 NR TAHOE PINES CA
10336740,NV,"Logan House Ck nr Glenbrook, NV"
10343500,CA,SAGEHEN C NR TRUCKEE CA
10348850,NV,GALENA C AT GALENA C STATE PARK
10396000,OR,DONNER UND BLITZEN RIVER NR FRENCHGLEN OR
11015000,CA,SWEETWATER R NR DESCANSO CA
11098000,CA,ARROYO SECO NR PASADENA CA
11124500,CA,SANTA CRUZ C NR SANTA YNEZ CA
11141280,CA,LOPEZ C NR ARROYO GRANDE CA
11143000,CA,BIG SUR R NR BIG SUR CA
11148900,CA,NACIMIENTO R BL SAPAQUE C NR BRYSON CA
11151300,CA,SAN LORENZO C BL BITTERWATER C NR KING CITY CA
11162500,CA,PESCADERO C NR PESCADERO CA
11176400,CA,ARROYO VALLE BL LANG CN NR LIVERMORE CA
11180500,CA,DRY C A UNION CITY CA
11180960,CA,CULL C AB CULL C RES NR CASTRO VALLEY CA
11224500,CA,LOS GATOS C AB NUNEZ CYN NR COALINGA CA
11230500,CA,BEAR C NR LAKE THOMAS A EDISON CA
11237500,CA,PITMAN C BL TAMARACK C CA
11253310,CA,CANTUA C NR CANTUA CREEK CA
11264500,CA,MERCED R A HAPPY ISLES BRIDGE NR YOSEMITE CA
11266500,CA,MERCED R A POHONO BRIDGE NR YOSEMITE CA
11274500,CA,ORESTIMBA C NR NEWMAN CA
11274630,CA,DEL PUERTO C NR PATTERSON CA
11284400,CA,BIG C AB WHITES GULCH NR GROVELAND CA
11299600,CA,BLACK C NR COPPEROPOLIS CA
11315000,CA,COLE C NR SALT SPRINGS DAM CA
11381500,CA,MILL C NR LOS MOLINOS CA
11383500,CA,DEER C NR VINA CA
11427700,CA,DUNCAN CYN C NR FRENCH MEADOWS CA
11451100,CA,NF CACHE C A HOUGH SPRING NR CLEARLAKE OAKS CA
11468500,CA,NOYO R NR FORT BRAGG CA
11473900,CA,MF EEL R NR DOS RIOS CA
11475560,CA,ELDER C NR BRANSCOMB CA
11476600,CA,BULL C NR WEOTT CA
11478500,CA,VAN DUZEN R NR BRIDGEVILLE CA
11480390,CA,MAD R AB RUTH RES NR FOREST GLEN CA
11481200,CA,LITTLE R NR TRINIDAD CA
11482500,CA,REDWOOD C A ORICK CA
11522500,CA,SALMON R A SOMES BAR CA
11523200,CA,TRINITY R AB COFFEE C NR TRINITY CTR CA
11528700,CA,SF TRINITY R BL HYAMPOM CA
11532500,CA,SMITH R NR CRESCENT CITY CA
12010000,WA,"NASELLE RIVER NEAR NASELLE, WA"
12013500,WA,"WILLAPA RIVER NEAR WILLAPA, WA"
12020000,WA,"CHEHALIS RIVER NEAR DOTY, WA"
12025000,WA,"NEWAUKUM RIVER NEAR CHEHALIS, WA"
12025700,WA,"SKOOKUMCHUCK RIVER NEAR VAIL, WA"
12035000,WA,"SATSOP RIVER NEAR SATSOP, WA"
12040500,WA,"QUEETS RIVER NEAR CLEARWATER, WA"
12041200,WA,"HOH RIVER AT US HIGHWAY 101 NEAR FORKS, WA"
12043000,WA,"CALAWAH RIVER NEAR FORKS, WA"
12048000,WA,"DUNGENESS RIVER NEAR SEQUIM, WA"
12054000,WA,"DUCKABUSH RIVER NEAR BRINNON, WA"
12056500,WA,"NF SKOKOMISH R BL STAIRCASE RPDS NR HOODSPORT, WA"
12073500,WA,"HUGE CREEK NEAR WAUNA, WA"
12082500,WA,"NISQUALLY RIVER NEAR NATIONAL, WA"
12092000,WA,"PUYALLUP RIVER NEAR ELECTRON, WA"
12095000,WA,"SOUTH PRAIRIE CREEK AT SOUTH PRAIRIE, WA"
12114500,WA,"CEDAR RIVER BELOW BEAR CREEK NEAR CEDAR FALLS, WA"
12115000,WA,"CEDAR RIVER NEAR CEDAR FALLS, WA"
12115500,WA,"REX RIVER NEAR CEDAR FALLS, WA"
12117000,WA,"TAYLOR CREEK NEAR SELLECK, WA"
12141300,WA,"MIDDLE FORK SNOQUALMIE RIVER NEAR TANNER, WA"
12143600,WA,"SF SNOQUALMIE RIVER AT EDGEWICK, WA"
12144000,WA,"SF SNOQUALMIE RIVER AT NORTH BEND, WA"
12145500,WA,"RAGING RIVER NEAR FALL CITY, WA"
12147500,WA,"NORTH FORK TOLT RIVER NEAR CARNATION, WA"
12147600,WA,"SOUTH FORK TOLT RIVER NEAR INDEX, WA"
12167000,WA,"NF STILLAGUAMISH RIVER NEAR ARLINGTON, WA"
12175500,WA,"THUNDER CREEK NEAR NEWHALEM, WA"
12178100,WA,"NEWHALEM CREEK NEAR NEWHALEM, WA"
12186000,WA,"SAUK RIVER AB WHITECHUCK RIVER NEAR DARRINGTON, WA"
12189500,WA,"SAUK RIVER NEAR SAUK, WA"
12358500,MT,Middle Fork Flathead River nr West Glacier MT
12374250,MT,Mill Cr ab Bassoo Cr nr Niarada MT
12375900,MT,South Crow Creek near Ronan MT
12377150,MT,Mission Cr ab Reservoir nr ST Ignatius MT
12381400,MT,South Fork Jocko River near Arlee MT
12383500,MT,Big Knife Creek near Arlee MT
12388400,MT,Revais Cr bl West Fork nr Dixon MT
12390700,MT,Prospect Creek at Thompson Falls MT
12411000,ID,NF COEUR D ALENE R AB SHOSHONE CK NR PRICHARD ID
12413000,ID,NF COEUR D ALENE RIVER AT ENAVILLE ID
12414500,ID,ST JOE RIVER AT CALDER ID
12447390,WA,"ANDREWS CREEK NEAR MAZAMA, WA"
12451000,WA,"STEHEKIN RIVER AT STEHEKIN, WA"
12488500,WA,"AMERICAN RIVER NEAR NILE, WA"
13010065,WY,SNAKE RIVER AB JACKSON LAKE AT FLAGG RANCH WY
13011500,WY,PACIFIC CREEK AT MORAN WY
13011900,WY,BUFFALO FORK AB LAVA CREEK NR MORAN WY
13018300,WY,"CACHE CREEK NEAR JACKSON, WY"
13023000,WY,GREYS RIVER AB RESERVOIR NR ALPINE WY
13083000,ID,TRAPPER CREEK NR OAKLEY ID
13161500,NV,BRUNEAU RIVER AT ROWLAND NV
13185000,ID,BOISE RIVER NR TWIN SPRINGS ID
13235000,ID,SF PAYETTE RIVER AT LOWMAN ID
13240000,ID,LAKE FORK PAYETTE RIVER AB JUMBO CR NR MCCALL ID
13310700,ID,SF SALMON RIVER NR KRASSEL RANGER STATION ID
13313000,ID,JOHNSON CREEK AT YELLOW PINE ID
13331500,OR,"MINAM RIVER NEAR MINAM, OR"
13337000,ID,LOCHSA RIVER NR LOWELL ID
13338500,ID,SF CLEARWATER RIVER AT STITES ID
13340000,ID,CLEARWATER RIVER AT OROFINO ID
13340600,ID,NF CLEARWATER RIVER NR CANYON RANGER STATION ID
14020000,OR,"UMATILLA RIVER ABOVE MEACHAM CREEK, NR GIBBON, OR"
14092750,OR,"SHITIKE CR, AT PETERS PASTURE, NR WARM SPRINGS, OR"
14096850,OR,"BEAVER CREEK, BLW QUARTZ CR, NR SIMNASHO, OR."
14137000,OR,"SANDY RIVER NEAR MARMOT, OR"
14138800,OR,"BLAZED ALDER CREEK NEAR RHODODENDRON, OREG."
14138870,OR,"FIR CREEK NEAR BRIGHTWOOD, OR"
14138900,OR,"NORTH FORK BULL RUN RIVER NEAR MULTNOMAH FALLS, OR"
14139800,OR,"SOUTH FORK BULL RUN RIVER NEAR BULL RUN, OR"
14141500,OR,"LITTLE SANDY RIVER NEAR BULL RUN, OREG."
14154500,OR,"ROW RIVER ABOVE PITCHER CREEK NEAR, DORENA, OREG"
14158500,OR,"MCKENZIE RIVER AT OUTLET OF CLEAR LAKE, OR"
14158790,OR,"SMITH R AB SMITH R RES NR BELKNAP SPRGS,OREG."
14166500,OR,"LONG TOM RIVER NEAR NOTI, OREG."
14182500,OR,"LITTLE NORTH SANTIAM RIVER NEAR MEHAMA, OR"
14185000,OR,"SOUTH SANTIAM RIVER BELOW CASCADIA, OR"
14185900,OR,"QUARTZVILLE CREEK NEAR CASCADIA, OREG."
14187000,OR,"WILEY CREEK NEAR FOSTER, OR"
14216500,WA,"MUDDY CREEK BELOW CLEAR CREEK NEAR COUGAR, WA"
14222500,WA,"EAST FORK LEWIS RIVER NEAR HEISSON, WA"
14236200,WA,"TILTON RIVER AB BEAR CANYON CREEK NEAR CINEBAR, WA"
14301000,OR,"NEHALEM RIVER NEAR FOSS, OR"
14303200,OR,"TUCCA CREEK NEAR BLAINE, OR."
14305500,OR,"SILETZ RIVER AT SILETZ, OR"
14306340,OR,"EAST FORK LOBSTER CREEK NEAR ALSEA, OR."
14306500,OR,"ALSEA RIVER NEAR TIDEWATER, OR"
14308990,OR,"COW CREEK ABV GALESVILLE RES, NR AZALEA, OR."
14309500,OR,"WEST FORK COW CREEK NEAR GLENDALE, OR"
14316700,OR,"STEAMBOAT CREEK NEAR GLIDE, OR"
14325000,OR,"SOUTH FORK COQUILLE RIVER AT POWERS, OR"
14362250,OR,"STAR GULCH NEAR RUCH, OR."
14400000,OR,"CHETCO RIVER NEAR BROOKINGS, OR"
15072000,AK,FISH C NR KETCHIKAN AK
15085100,AK,OLD TOM C NR KASAAN AK
15129500,AK,SITUK R NR YAKUTAT AK
15239050,AK,MF BRADLEY R NR HOMER AK
15266300,AK,KENAI R AT SOLDOTNA AK
15290000,AK,L SUSITNA R NR PALMER AK
15292700,AK,TALKEETNA R NR TALKEETNA AK
15478040,AK,PHELAN C NR PAXSON AK
15484000,AK,SALCHA R NR SALCHAKET AK
15493000,AK,CHENA R NR TWO RIVERS AK
15511000,AK,L CHENA R NR FAIRBANKS AK
15896000,AK,KUPARUK R NR DEADHORSE AK
15908000,AK,SAGAVANIRKTOK R NR PUMP STA 3 AK
16010000,HI,"Kawaikoi Stream nr Waimea, Kauai, HI"
16019000,HI,"Waialae Str at alt 3,820 ft nr Waimea, Kauai, HI"
16068000,HI,"EB of NF Wailua River nr Lihue, Kauai, HI"
16071500,HI,"Left Branch Opaekaa Str nr Kapaa, Kauai, HI"
16097500,HI,"Halaulani Str at alt 400 ft nr Kilauea, Kauai, HI"
16108000,HI,"Wainiha River nr Hanalei, Kauai, HI"
16200000,HI,"NF Kaukonahua Str abv RB, nr Wahiawa, Oahu, HI"
16229000,HI,"Kalihi Str nr Honolulu, Oahu, HI"
16345000,HI,"Opaeula Str nr Wahiawa, Oahu, HI"
16400000,HI,"Halawa Stream near Halawa, Molokai, HI"
16508000,HI,"Hanawi Stream near Nahiku, Maui, HI"
16518000,HI,"West Wailuaiki Stream near Keanae, Maui, HI"
16587000,HI,"Honopou Stream near Huelo, Maui, HI"
16717000,HI,HONOLII STREAM NR PAPAIKOU
16720000,HI,"Kawainui Stream nr Kamuela, HI"
50025155,PR,"RIO SALIENTE AT COABEY NR JAYUYA, PR"
50034000,PR,"RIO BAUTA NR OROCOVIS, PR"
50050900,PR,"RIO GRANDE DE LOIZA AT QUEBRADA ARENAS, PR"
50063800,PR,"RIO ESPIRITU SANTO NR RIO GRANDE, PR"
50065500,PR,"RIO MAMEYES NR SABANA, PR"
50092000,PR,"RIO GRANDE DE PATILLAS NR PATILLAS, PR"
50100450,PR,"RIO MAJADA AT LA PLENA, PR"
50108000,PR,"RIO DESCALABRADO NR LOS LLANOS, PR"
50110900,PR,"RIO TOA VACA ABV LAGO TOA VACA, PR"
50113800,PR,"RIO CERRILLOS ABV LAGO CERRILLOS NR PONCE, PR"
0208111310,NC,"CASHIE RIVER AT SR1257 NEAR WINDSOR, NC"
02096846,NC,"CANE CREEK NEAR ORANGE GROVE, NC"
02427250,AL,"PINE BARREN CREEK NEAR SNOW HILL, AL."
03338780,IL,"NORTH FORK VERMILION RIVER NEAR BISMARCK, IL"
0344894205,NC,"NORTH FORK SWANNANOA RIVER NEAR WALKERTOWN, NC"
03597590,TN,"WARTRACE CREEK BELOW COUNTY ROAD AT WARTRACE, TN"
05592575,IL,"HICKORY CREEK NEAR BROWNSTOWN, IL"
06440200,SD,"SOUTH FORK BAD R NEAR COTTONWOOD,SD"
06623800,WY,"ENCAMPMENT RIVER AB HOG PARK CR, NR ENCAMPMENT, WY"
07263295,AR,"Maumelle River at Williams Junction, AR"
07362587,AR,"Alum Fork Saline River near Reform, AR"
09423350,CA,CARUTHERS C NR IVANPAH CA
10205030,UT,"SALINA CREEK NEAR EMERY, UT"
